{"cameraMode":{"drawMode":0,"name":"Shaded","section":"Shading Mode"},"sceneLighting":false,"audioPlay":false,"sceneViewState":{"showFog":true,"showMaterialUpdate":false,"showSkybox":false,"showFlares":true,"showImageEffects":true,"showParticleSystems":true},"in2DMode":false,"pivot":{"x":-21.47248077392578,"y":1.5293858051300049,"z":-7.093294143676758},"rotation":{"x":0.2366918921470642,"y":0.25437694787979128,"z":-0.0643514022231102,"w":0.9354938864707947},"size":1.749934434890747,"orthographic":false}