{"cameraMode":{"drawMode":0,"name":"Shaded","section":"Shading Mode"},"sceneLighting":false,"audioPlay":false,"sceneViewState":{"showFog":true,"showMaterialUpdate":false,"showSkybox":false,"showFlares":true,"showImageEffects":true,"showParticleSystems":true},"in2DMode":false,"pivot":{"x":1.061284065246582,"y":-1.3951961994171143,"z":-0.8439993858337402},"rotation":{"x":0.0703440010547638,"y":0.8681781888008118,"z":-0.12882399559020997,"w":0.4740617275238037},"size":8.910136222839356,"orthographic":false}