{"cameraMode":{"drawMode":0,"name":"Shaded","section":"Shading Mode"},"sceneLighting":false,"audioPlay":false,"sceneViewState":{"showFog":true,"showMaterialUpdate":false,"showSkybox":false,"showFlares":true,"showImageEffects":true,"showParticleSystems":true},"in2DMode":false,"pivot":{"x":-3.08260440826416,"y":-4.2196550369262699,"z":4.174765586853027},"rotation":{"x":0.18061122298240663,"y":0.6112375855445862,"z":-0.14589174091815949,"w":0.7566401362419128},"size":16.485313415527345,"orthographic":false}