{"cameraMode":{"drawMode":0,"name":"Shaded","section":"Shading Mode"},"sceneLighting":false,"audioPlay":false,"sceneViewState":{"showFog":true,"showMaterialUpdate":false,"showSkybox":false,"showFlares":true,"showImageEffects":true,"showParticleSystems":true},"in2DMode":false,"pivot":{"x":-16.589614868164064,"y":1.8922852277755738,"z":6.863177299499512},"rotation":{"x":0.04333869740366936,"y":-0.5338758230209351,"z":0.027426162734627725,"w":0.844017744064331},"size":4.286825656890869,"orthographic":false}