{"cameraMode":{"drawMode":0,"name":"Shaded","section":"Shading Mode"},"sceneLighting":false,"audioPlay":false,"sceneViewState":{"showFog":true,"showMaterialUpdate":false,"showSkybox":false,"showFlares":true,"showImageEffects":true,"showParticleSystems":true},"in2DMode":false,"pivot":{"x":-71.87308502197266,"y":-87.8582763671875,"z":1.3616857528686524},"rotation":{"x":0.27755206823349,"y":-0.6630120277404785,"z":0.29158392548561098,"w":0.6311727166175842},"size":246.80624389648438,"orthographic":false}