{"cameraMode":{"drawMode":0,"name":"Shaded","section":"Shading Mode"},"sceneLighting":false,"audioPlay":false,"sceneViewState":{"showFog":true,"showMaterialUpdate":false,"showSkybox":false,"showFlares":true,"showImageEffects":true,"showParticleSystems":true},"in2DMode":false,"pivot":{"x":379.75396728515627,"y":151.00125122070313,"z":824.3800048828125},"rotation":{"x":0.04829118400812149,"y":-0.0000031556928661302665,"z":5.794234425593459e-7,"w":0.99884033203125},"size":1496.8177490234375,"orthographic":false}