{"cameraMode":{"drawMode":0,"name":"Shaded","section":"Shading Mode"},"sceneLighting":false,"audioPlay":false,"sceneViewState":{"showFog":true,"showMaterialUpdate":false,"showSkybox":false,"showFlares":true,"showImageEffects":true,"showParticleSystems":true},"in2DMode":false,"pivot":{"x":5.352516174316406,"y":9.077911376953125,"z":10.829599380493164},"rotation":{"x":0.04414260759949684,"y":0.789581298828125,"z":-0.05719330906867981,"w":0.6093880534172058},"size":32.694095611572269,"orthographic":false}