{"cameraMode":{"drawMode":0,"name":"Shaded","section":"Shading Mode"},"sceneLighting":false,"audioPlay":false,"sceneViewState":{"showFog":true,"showMaterialUpdate":false,"showSkybox":false,"showFlares":true,"showImageEffects":true,"showParticleSystems":true},"in2DMode":false,"pivot":{"x":0.023407936096191407,"y":0.19872736930847169,"z":0.08650720119476319},"rotation":{"x":0.1286780685186386,"y":0.8034766912460327,"z":-0.18796759843826295,"w":0.5500415563583374},"size":4.737119674682617,"orthographic":false}