{"cameraMode":{"drawMode":0,"name":"Shaded","section":"Shading Mode"},"sceneLighting":false,"audioPlay":false,"sceneViewState":{"showFog":true,"showMaterialUpdate":false,"showSkybox":false,"showFlares":true,"showImageEffects":true,"showParticleSystems":true},"in2DMode":false,"pivot":{"x":8.367288589477539,"y":-15.343353271484375,"z":-0.21689411997795106},"rotation":{"x":0.37516865134239199,"y":0.5921199917793274,"z":-0.36125510931015017,"w":0.6149413585662842},"size":29.356672286987306,"orthographic":false}