{"cameraMode":{"drawMode":0,"name":"Shaded","section":"Shading Mode"},"sceneLighting":true,"audioPlay":false,"sceneViewState":{"showFog":true,"showMaterialUpdate":false,"showSkybox":false,"showFlares":true,"showImageEffects":true,"showParticleSystems":true},"in2DMode":false,"pivot":{"x":316.638427734375,"y":275.3177490234375,"z":431.872802734375},"rotation":{"x":-0.03473212197422981,"y":0.0635165199637413,"z":-0.002224869094789028,"w":-0.9973885416984558},"size":1521.6993408203125,"orthographic":false}