{"cameraMode":{"drawMode":0,"name":"Shaded","section":"Shading Mode"},"sceneLighting":false,"audioPlay":false,"sceneViewState":{"showFog":true,"showMaterialUpdate":false,"showSkybox":false,"showFlares":true,"showImageEffects":true,"showParticleSystems":true},"in2DMode":false,"pivot":{"x":2.7424392700195314,"y":-0.7214155197143555,"z":60.514312744140628},"rotation":{"x":0.18061122298240663,"y":0.6112375855445862,"z":-0.14589174091815949,"w":0.7566401362419128},"size":19.249372482299806,"orthographic":false}