{"cameraMode":{"drawMode":0,"name":"Shaded","section":"Shading Mode"},"sceneLighting":false,"audioPlay":false,"sceneViewState":{"showFog":true,"showMaterialUpdate":false,"showSkybox":false,"showFlares":true,"showImageEffects":true,"showParticleSystems":true},"in2DMode":false,"pivot":{"x":-17.633344650268556,"y":0.8793625831604004,"z":-6.9596734046936039},"rotation":{"x":0.39109572768211367,"y":-0.5624458193778992,"z":0.34200718998908999,"w":0.6432338356971741},"size":4.406490325927734,"orthographic":false}