{"cameraMode":{"drawMode":0,"name":"Shaded","section":"Shading Mode"},"sceneLighting":false,"audioPlay":false,"sceneViewState":{"showFog":true,"showMaterialUpdate":false,"showSkybox":false,"showFlares":true,"showImageEffects":true,"showParticleSystems":true},"in2DMode":false,"pivot":{"x":14.292302131652832,"y":0.7240592241287231,"z":-4.736815929412842},"rotation":{"x":0.04394712299108505,"y":0.8887513875961304,"z":-0.08720716834068299,"w":0.44788235425949099},"size":8.015633583068848,"orthographic":false}