{"cameraMode":{"drawMode":0,"name":"Shaded","section":"Shading Mode"},"sceneLighting":false,"audioPlay":false,"sceneViewState":{"showFog":true,"showMaterialUpdate":false,"showSkybox":false,"showFlares":true,"showImageEffects":true,"showParticleSystems":true},"in2DMode":false,"pivot":{"x":166.8475341796875,"y":-273.93304443359377,"z":270.611328125},"rotation":{"x":0.13183291256427766,"y":0.0371619313955307,"z":-0.004936319310218096,"w":0.9905725717544556},"size":2020.284912109375,"orthographic":false}