{"cameraMode":{"drawMode":0,"name":"Shaded","section":"Shading Mode"},"sceneLighting":false,"audioPlay":false,"sceneViewState":{"showFog":true,"showMaterialUpdate":false,"showSkybox":false,"showFlares":true,"showImageEffects":true,"showParticleSystems":true},"in2DMode":false,"pivot":{"x":426.93096923828127,"y":161.6462860107422,"z":-3.71539306640625},"rotation":{"x":-0.01980764977633953,"y":0.011094233021140099,"z":-0.00023166590835899115,"w":-0.9997543096542358},"size":911.424072265625,"orthographic":false}