{"cameraMode":{"drawMode":0,"name":"Shaded","section":"Shading Mode"},"sceneLighting":false,"audioPlay":false,"sceneViewState":{"showFog":true,"showMaterialUpdate":false,"showSkybox":false,"showFlares":true,"showImageEffects":true,"showParticleSystems":true},"in2DMode":false,"pivot":{"x":0.00000617630394117441,"y":2.1498453861568124e-7,"z":0.000019110040739178658},"rotation":{"x":0.05368456989526749,"y":-0.14774177968502046,"z":0.00804244726896286,"w":0.9875454306602478},"size":0.00005715767838410102,"orthographic":false}