{"cameraMode":{"drawMode":0,"name":"Shaded","section":"Shading Mode"},"sceneLighting":false,"audioPlay":false,"sceneViewState":{"showFog":true,"showMaterialUpdate":false,"showSkybox":false,"showFlares":true,"showImageEffects":true,"showParticleSystems":true},"in2DMode":false,"pivot":{"x":-2.1919398307800295,"y":-3.5031256675720217,"z":14.137714385986329},"rotation":{"x":0.15860410034656526,"y":-0.020736662670969964,"z":0.0033233261201530697,"w":0.9871314764022827},"size":22.995941162109376,"orthographic":false}