{"cameraMode":{"drawMode":0,"name":"Shaded","section":"Shading Mode"},"sceneLighting":false,"audioPlay":false,"sceneViewState":{"showFog":true,"showMaterialUpdate":false,"showSkybox":false,"showFlares":true,"showImageEffects":true,"showParticleSystems":true},"in2DMode":false,"pivot":{"x":-1.8080012798309327,"y":1.0483355522155762,"z":0.012148380279541016},"rotation":{"x":0.3093404471874237,"y":-0.2715422213077545,"z":0.09265965968370438,"w":0.9066463708877564},"size":10.62445068359375,"orthographic":false}