{"cameraMode":{"drawMode":0,"name":"Shaded","section":"Shading Mode"},"sceneLighting":false,"audioPlay":false,"sceneViewState":{"showFog":true,"showMaterialUpdate":false,"showSkybox":false,"showFlares":true,"showImageEffects":true,"showParticleSystems":true},"in2DMode":false,"pivot":{"x":2.559450149536133,"y":5.780834197998047,"z":62.2764892578125},"rotation":{"x":0.11802992969751358,"y":0.23594093322753907,"z":-0.028872497379779817,"w":0.9641512036323547},"size":28.232059478759767,"orthographic":false}